<?xml version="1.0" encoding="UTF-8"?>
<ti:module xmlns:ti="http://ti.appcelerator.org" xmlns:android="http://schemas.android.com/apk/res/android">
	<!--
		Similar to tiapp.xml, but contains module/platform specific
		configuration in <iphone>, <android>, and <mobileweb> sections
	-->
	<iphone>
	</iphone>
	<android xmlns:android="http://schemas.android.com/apk/res/android">
		<manifest>
			<application>
				<!-- Ping++ SDK 注册 -->
				<activity
				    android:name="com.pingplusplus.android.PaymentActivity"
				    android:launchMode="singleTop"
				    android:configChanges="orientation|screenSize"
				    android:theme="@android:style/Theme.Translucent.NoTitleBar" />
				<!-- 微信支付注册 -->
				<activity-alias
				    android:name=".wxapi.WXPayEntryActivity"
				    android:exported="true"
				    android:targetActivity="com.pingplusplus.android.PaymentActivity" />
				<!-- 支付宝注册 -->
				<activity
				    android:name="com.alipay.sdk.app.H5PayActivity"
				    android:configChanges="orientation|keyboardHidden|navigation"
				    android:exported="false"
				    android:screenOrientation="behind" />
				<activity
				    android:name="com.alipay.sdk.auth.AuthActivity"
				    android:configChanges="orientation|keyboardHidden|navigation"
				    android:exported="false"
				    android:screenOrientation="behind" />
			</application>
			<uses-permission android:name="android.permission.INTERNET" />
			<uses-permission android:name="android.permission.ACCESS_NETWORK_STATE" />
			<uses-permission android:name="android.permission.ACCESS_WIFI_STATE" />
			<uses-permission android:name="android.permission.READ_PHONE_STATE" />
			<uses-permission android:name="android.permission.WRITE_EXTERNAL_STORAGE" />
			<uses-permission android:name="android.permission.ACCESS_COARSE_LOCATION" />
			<uses-permission android:name="android.permission.WRITE_SETTINGS" />
			<uses-permission android:name="android.permission.SEND_SMS" />
			<uses-permission android:name="android.permission.SYSTEM_ALERT_WINDOW" />
			<uses-permission android:name="android.permission.READ_SMS" />
		</manifest>
	</android>
	<mobileweb>
	</mobileweb>
</ti:module>
